Date,Open,High,Low,Close,Volume,Dividends,Stock Splits,SMA_20,SMA_50,SMA_100,SMA_200,EMA_20,EMA_50,EMA_100,EMA_200,WMA_20,WMA_50,DEMA_20,DEMA_50,TEMA_20,TEMA_50,HMA_20,HMA_50,KAMA_10,ZLMA_20,ZLMA_50,VWMA_20,VWMA_50,MCGD_14,ALMA_10,MIDPOINT_2,MIDPOINT_14,MIDPRICE_14,RSI_14,MACD_12_26_9,MACDh_12_26_9,MACDs_12_26_9,STOCHk_14_3_3,STOCHd_14_3_3,STOCHh_14_3_3,STOCHRSIk_14_14_3_3,STOCHRSId_14_14_3_3,WILLR_14,ROC_10,ROC_20,MOM_10,CCI_20,AO_5_34,UO_7_14_28,FISHERT_9_1,FISHERTs_9_1,TRIX_18_9,TRIXs_18_9,COPPOCK_10_14_11,BULLP_13,BEARP_13,RVGI_14_4,RVGIs_14_4,SQZ_20_2_20_1.5,SQZ_ON,SQZ_OFF,SQZ_NO,SQZPRO_20_2_20_2.0_1.5_1.0,SQZPRO_ON_WIDE,SQZPRO_ON_NORMAL,SQZPRO_ON_NARROW,SQZPRO_OFF,SQZPRO_NO,ATR_14,TR,BBL_20_2.0_2.0,BBM_20_2.0_2.0,BBU_20_2.0_2.0,BBB_20_2.0_2.0,BBP_20_2.0_2.0,KCLe_20_2,KCBe_20_2,KCUe_20_2,DCL_20_20,DCM_20_20,DCU_20_20,UI_14,HIST_VOL_20,ACCBL_20,ACCBM_20,ACCBU_20,OBV,MFI_14,CMF_20,AD,ADOSC_3_10,EFI_13,VWAP,PVT,NVI,PVO_12_26_9,PVOh_12_26_9,PVOs_12_26_9,RVOL_10,ZSCORE_20,STDEV_20,VARIANCE_20,MEDIAN_20,QUANTILE_20,SKEW_20,KURT_20,CORRELATION_20,COVARIANCE_20,LINREG_20,SLOPE_20,ENTROPY_10,MAD_30,RETURN_1D,RETURN_5D,RETURN_20D,RETURN_60D,RETURN_120D,RETURN_252D,LOG_RETURN,QOQ_RETURN,QOQ_VOLUME_GROWTH,QOQ_VOLATILITY,QOQ_HL_RANGE
2026-07-17 00:00:00+05:30,606.67102720509,607.5659932067925,579.9222498441546,584.0488891601562,1521683,0.0,0.0,,,,,,,,,,,,,,,,,,,,,,,,,,,,,,,,,,,,,,,,,,,,,,,,,,,,,0,0,1,,0,0,0,0,1,,27.643743362637906,,,,,,,,,,,,,,,,,,,,-1067371.381496241,,,590.5123774037012,,1000.0,,,,,,,,,,,,,,,,,,,,,,,,,,,,
2026-07-20 00:00:00+05:30,581.7121198692289,593.2469000205571,579.4250587158593,590.9598388671875,1036397,0.0,0.0,,,,,,,,,,,,,,,,,,,,,,584.5198389803827,,587.5043640136719,,,100.0,,,,,,,,,,,,,,,,,,,,,,,,,,0,0,1,,0,0,0,0,1,,13.821841304697728,,,,,,,,,,,,,,,,,1036397.0,,,-373953.76693646377,,,587.877265867868,1226350.683384998,1001.1832827414446,,,,,,,,,,,,,,,,,,0.011832827414446356,,,,,,0.01176336691792265,,,,
2026-07-21 00:00:00+05:30,589.766552400086,604.582833619247,587.429784474622,601.5499877929688,1167153,0.0,0.0,,,,,,,,,,,,,,,,,,,,,,585.6042665292911,,596.2549133300781,,,100.0,,,,,,,,,,,,,,,,,,,,,,,,,,0,0,1,,0,0,0,0,1,,17.153049144625015,,,,,,,,,,,,,,,,,2203550.0,,,380468.5197270743,,,597.8542019622793,3317918.2106920825,1001.1832827414446,,,,,,,,,,,,,,,,,,0.017920251477801852,,,,,,0.01776157662926585,,,,
2026-07-22 00:00:00+05:30,603.0,607.5,593.4500122070312,598.8499755859375,1035151,3.4,0.0,,,,,,,,,,,,,,,,,,,,,,586.4694176204248,,600.1999816894531,,,97.18627848827268,,,,,,,,,,,,,,,,,,,,,,,,,,0,0,1,,0,0,0,0,1,,14.04998779296875,,,,,,,,,,,,,,,,,1168399.0,,,141016.07463052575,,,599.9333292643229,2853298.413029895,1000.7344402076866,,,,,,,,,,,,,,,,,,-0.004488425337580537,,,,,,-0.00449852856163215,,,,
2026-07-23 00:00:00+05:30,614.0,675.9000244140625,599.2999877929688,623.8499755859375,18802024,0.0,0.0,,,,,,,,,,,,,,,,,,,,,,588.5547657870771,,611.3499755859375,,,97.80275724568516,,,,,,,,,,,,,,,,,,,,,,,,,,0,0,1,,0,0,0,0,1,,77.050048828125,,,,,,,,,,,,,,,,,19970423.0,,,-6609069.57013388,,,633.0166625976562,81345511.68231903,1000.7344402076866,,,,,,,,,,,,,,,,,,0.04174668284078842,,,,,,0.04089880709725048,,,,
2026-07-24 00:00:00+05:30,608.0,654.0,608.0,643.1500244140625,7737580,0.0,0.0,,,,,,,,,,,,,,,,,,,,,,591.2895637834558,,633.5,,,98.14132364974223,,,,,,,,,,,,,,,,,,,,,,,,,,0,0,1,,0,0,0,0,1,,46.0,,,,,,,,,,,,,,,,,27708003.0,,,-2521600.6177094574,,,635.0500081380209,105283265.5743927,1003.8281405496635,,,,,,,,,,,,,,,,,,0.030937003419769127,0.10119210283730151,,,,,0.030468100762339287,,,,
2026-07-27 00:00:00+05:30,650.0,663.9000244140625,635.5,652.5,3378029,0.0,0.0,,,,,,,,,,,,,,,,,,,,,,594.2378947235622,,647.8250122070312,,,98.27962478631026,,,,,,,,,,,,,,,,,,,,,,,,,,0,0,1,,0,0,0,0,1,,28.4000244140625,,,,,,,,,,,,,,,,,31086032.0,,,-1855513.8688818042,,,650.6333414713541,110194170.88102993,1005.2819188643664,,,,,,,,,,,,,,,,,,0.014537783147028138,0.10413594475519528,,,,,0.014433122711987122,,,,
2026-07-28 00:00:00+05:30,653.0,659.5499877929688,643.8499755859375,651.0499877929688,1444725,0.0,0.0,,,,,,,,,,,,,,,,,,,,,,597.0543106240203,,651.7749938964844,,,97.07329071739638,,,,,,,,,,,,,,,,,,,,,,,,,,0,0,1,,0,0,0,0,1,,15.70001220703125,,,,,,,,,,,,,,,,,29641307.0,,,-1975139.563399141,,,651.4833170572916,109873118.17822485,1005.0596947713348,,,,,,,,,,,,,,,,,,-0.0022222409303160884,0.08228742582409643,,,,,-0.0022247137718713235,,,,
2026-07-29 00:00:00+05:30,650.0499877929688,675.0,636.1500244140625,672.6500244140625,2460817,0.0,0.0,,,,,,,,,,,,,,,,,,,,,,600.4060314671215,,661.8500061035156,,,97.55478271450274,,,,,,,,,,,,,,,,0.0,,,,,,,,,,0,0,1,,0,0,0,0,1,,38.8499755859375,,,,,,,,,,,,,,,,,32102124.0,,,187975.32563463342,,,661.2666829427084,118037427.8801571,1005.0596947713348,,,,,,,,,,,,,,,,,,0.033177232203500884,0.12323628928249719,,,,,0.032638745801917134,,,,
2026-07-30 00:00:00+05:30,675.0,683.0,656.0,659.25,2076663,0.0,0.0,,,,,,,,,,,,,,,,,627.7858703613281,,,,,603.2977335677563,653.7179433930844,665.9500122070312,,,87.89415655164386,,,,,,,,,,,,,,,,0.34282825441539394,0.0,,,,,,,,,0,0,1,,0,0,0,0,1,,27.0,,,,,,,,,,,,,,,,,30025461.0,,,-1388750.2854764776,314222.84912023833,,666.0833333333334,113900457.10935837,1003.0675704975365,,,,0.5107357751268549,,,,,,,,,,,,,,-0.01992124273798268,0.05674445106904713,,,,,-0.020122345993498245,,,,
2026-07-31 00:00:00+05:30,665.5,666.0,648.0,657.25,1259921,0.0,0.0,,,,,,,,,,,,,,,,,633.9398261029444,,,,,606.0335443299143,658.3163982059144,658.25,,,86.51705013021534,,,,,,,,,,12.533387563685743,,73.20111083984375,,,,0.6422141187116385,0.34282825441539394,,,,,,,,,0,0,1,,0,0,0,0,1,,18.0,,,,,,,,,,,,,,,,,28765540.0,,,-1353752.479920922,206251.88066841033,,657.0833333333334,113518228.51626015,1002.7641954501341,,,,0.3118735219114788,,,,,,,,,,,,,,-0.0030337504740235444,0.021923307238903122,,,,,-0.0030383616234055106,,,,
2026-08-03 00:00:00+05:30,661.0,671.7999877929688,652.4000244140625,665.25,722406,0.0,0.0,,,,,,,,,,,,,,,,,640.537104202346,,,,,608.9466852540933,660.7118821044724,661.25,,,87.3695071152204,,,,,,,,,,12.571101494006683,,74.2901611328125,,,,0.944188039918425,0.6422141187116385,,,,,,,,,0,0,1,,0,0,0,0,1,,19.39996337890625,,,,,,,,,,,,,,,,,29487946.0,,,-1119156.7287497683,217975.87070453796,,663.1500040690104,114397535.93352906,1003.9813882991261,,,,0.18022092297143816,,,,,,,,,,,,,,0.012171928489920214,0.019540229885057547,,,,,0.012098446247808061,,,,
2026-08-04 00:00:00+05:30,665.5,683.9000244140625,663.0,678.9500122070312,1832144,0.0,0.0,,,,,,,,,,,,,,,,,648.8276243697744,,,,,612.1822979153486,663.5660182715922,672.1000061035156,,,88.68844819022,,,,,,,,,,12.866765187384681,,77.4000244140625,,,,1.3407499380534773,0.944188039918425,,,,47.03012319711536,26.13009878305286,,,,0,0,1,,0,0,0,0,1,,20.9000244140625,,,,,,,,,,,,,,,,,31320090.0,,,-154871.53937746596,509774.0750010009,59940832.20699564,675.2833455403646,118170612.99704489,1003.9813882991261,,,,0.4496118476171218,,,,,,,,,,,,,,0.020593780093244973,0.0428538897737214,,,,,0.02038459526628362,,,,
2026-08-05 00:00:00+05:30,678.8499755859375,698.0,674.0999755859375,686.2000122070312,3175922,0.0,0.0,,,,,,,,,,,,,,,,,658.1344805320405,,,,,615.5313956167026,668.4522780460454,682.5750122070312,635.1244506835938,638.7125293579297,89.32381278660823,,,,,,,,,-9.951502117713462,14.586297099808206,,87.35003662109375,,,,1.7674965299185386,1.3407499380534773,,,,54.08294007018367,30.182915656121168,,,,0,0,1,,0,0,0,0,1,27.704906774794065,23.9000244140625,,,,,,,,,,,,,,,,,34496012.0,,,-114999.96193440226,595489.3809449833,54667203.963139124,686.0999959309897,121561942.85727309,1003.9813882991261,,,,0.740476776634754,,,,,,,,,,,,,,0.010678252993077786,0.020144186874551773,,,,,0.010621643089586661,,,,
2026-08-06 00:00:00+05:30,689.9500122070312,694.4000244140625,676.4500122070312,685.0999755859375,1107334,0.0,0.0,,,,,,,,,,,,,,,,,663.4540005340228,,,,,618.7693455717662,674.4587905104479,685.6499938964844,638.5799255371094,638.7125293579297,88.51144244224766,,,,,,,,,-10.879216362545119,9.81806562426684,,61.25,,,,2.155577100619871,1.7674965299185386,,,,44.599690819085936,26.649678612054686,,,,0,0,1,,0,0,0,0,1,27.008128591382434,17.95001220703125,,,,,,,,,,,,,,,,,33388678.0,92.77039740740928,,-155103.65169920455,563659.0701837223,46683587.97529322,685.3166707356771,121384427.85725664,1003.8210798465577,,,,0.43949602034740987,,,,,,,,,,,,,,-0.0016030845256846948,0.03921118784366695,,,,,-0.0016043708405810825,,,,
2026-08-07 00:00:00+05:30,684.0,689.9000244140625,670.0499877929688,674.0,597260,0.0,0.0,,,,,,,,,,,,,,,,,664.2420350444304,,,,,621.5717301100717,678.3854298046537,679.5499877929688,642.5249938964844,642.714892237311,80.55066467465257,,,,85.82120567893446,,,,,-21.705664482938026,4.796699745761988,,30.8499755859375,,,,2.137756231202981,2.155577100619871,,,,36.642595618368205,16.792558997274455,,,,0,0,1,,0,0,0,0,1,26.496836307790385,19.85003662109375,,,,,,,,,,,,,,,,,32791418.0,93.39871049243128,,-514662.90224421525,384990.62968218274,39067422.347614616,677.9833374023438,120416748.44480489,1002.2008819219491,,,,0.3307962832468237,,,,,,,,,,,,,,-0.01620197924608613,0.025484975275770205,,,,,-0.016334666460780817,,,,
2026-08-10 00:00:00+05:30,672.0,690.0499877929688,668.0,683.5999755859375,900007,0.0,0.0,,,,,,,,,,,,,,,,,665.700218760594,,,,,624.6001655718624,680.5283015177735,678.7999877929688,642.5249938964844,645.7250061035156,82.0540021436777,,,,84.54725999702504,,,7.757172099991354,,-13.773339163441722,4.766279783285441,,31.0999755859375,,,,1.9445519603422339,2.137756231202981,,,,32.45790945581109,10.407921662842341,-224812.41515586802,,,0,0,1,,0,0,0,0,1,26.179204271017415,22.04998779296875,,,,,,,,,,,,,,,,,33691425.0,93.37999707173378,,-141191.89772124472,395731.53003593604,34720654.18755151,680.5499877929688,121698654.26486021,1002.2008819219491,,,,0.577772037193593,,,,,,,,,,,,,,0.014243287219491751,0.027583578483183047,,,,,0.01414280461516888,,,,
2026-08-11 00:00:00+05:30,675.0,686.9500122070312,674.0,678.25,761804,0.0,0.0,,,,,,,,,,,,,,,,,666.4257380108113,,,,,627.3562309828122,680.5398908532709,680.9249877929688,655.0249938964844,648.6499938964844,78.41632174492237,,,,81.50362237205873,83.95736268267274,-2.453740310614009,2.8265193588288335,,-20.01012923744404,4.177868476618533,,27.20001220703125,,,,1.7924854281842468,1.9445519603422339,,,,26.406802203753273,13.456789996722023,-224720.78431860628,,73.94854736328124,0,0,1,73.94854736328124,0,0,0,0,1,25.23426198073269,12.95001220703125,,,,,,,,,,,,,,,,,32929621.0,91.63013045295757,,-402970.57755326864,280856.7247762879,29178327.474862795,679.7333374023438,121102452.83905177,1001.4182640493618,,,,0.5114742722003711,,,,,,,,,,,,,,-0.007826178725872324,-0.001031021716541014,,,,,-0.00785696398843488,,,,
2026-08-12 00:00:00+05:30,678.25,686.4000244140625,671.0,674.3499755859375,861879,0.0,0.0,,,,,,,,,,,,,,,,,666.4740629583845,,,,,629.8705911934613,679.4438856880478,676.2999877929688,664.6750183105469,653.0,75.7789370031565,,,,79.97957556486678,82.01015264465018,-2.0305770797833986,2.8265193588288335,4.470070272549673,-26.27780490451389,0.25272446445769586,,1.699951171875,,,,1.6137867498757141,1.7924854281842468,0.004509535171082213,,,23.884419327547448,8.484394913484948,-213934.67344005735,,61.773356119791664,0,0,1,61.773356119791664,0,0,0,0,1,24.53181644025625,15.4000244140625,,,,,,,,,,,,,,,,,32067742.0,83.42712593063186,,-889879.5735582466,53404.46709791268,24529802.243887,677.25,120606861.36953938,1001.4182640493618,,,,0.6482564567735764,,,,,,,,,,,,3.3717809735125206,,-0.0057501281445816455,-0.01726907083982754,,,,,-0.005766723780019623,,,,
2026-08-13 00:00:00+05:30,677.0,691.5999755859375,675.3499755859375,687.0,1212015,0.0,0.0,652.3904327392578,,,,652.3904327392578,,,,668.8341317313059,,652.3904327392578,,,,,,668.1807819056851,720.2991998845881,,642.9958827315653,,632.7540255709913,679.5765833559801,680.6749877929688,669.0249938964844,666.75,78.3253447246065,,,,78.70402195268069,80.06240662986872,-1.3583846771880275,3.772340570194314,3.14179309595066,-17.600000000000005,4.2093287827076225,,27.75,-925.5430890424374,,,1.620086001854422,1.6137867498757141,0.014376426081241789,,,25.58659979749598,9.336599797495978,-188797.90984101652,-215153.54008570197,51.89166259765625,0,1,0,51.89166259765625,0,0,0,1,0,24.01168669452366,17.25,584.0999710114626,652.3904327392578,720.680894467053,20.93545775680895,0.7533997163373667,603.0585559303273,652.3904327392578,701.7223095481883,579.4250587158593,638.7125293579297,698.0,,,591.6466132843125,652.3904327392578,714.6138022548806,33279757.0,78.78507933351248,-0.006857065703039231,-364047.8855324052,122810.94722880749,23215833.257647425,684.6499837239584,122880461.11674602,1001.4182640493618,,,,0.9750181244937933,1.0135988653494674,34.14523086389759,1165.8967907488643,662.25,662.25,-0.9502127996163837,-0.4540470894745456,,1165.8967907488643,701.7215297154019,,3.3653022073741026,,0.01875884165795516,0.002773353498425557,,,,,0.01858506446332788,,,,
2026-08-14 00:00:00+05:30,691.5,711.2000122070312,685.2999877929688,701.0,3739354,0.0,0.0,658.23798828125,,,,657.019915335519,,,,673.463614327567,,661.2084948273745,,,,,,672.6384594490427,721.8659427527225,,648.5392638530118,,635.9900858205924,682.5245585567443,694.0,676.0249938964844,673.6750183105469,80.73880091006544,,,,80.84374574864695,79.84244775539814,1.0012979932488122,11.36464256794499,5.987834165656046,-13.590957849545271,6.656523392925067,20.024198831713512,43.75,-1076.4362098005372,,,1.8549105875171248,1.620086001854422,0.03027004895552743,,,40.18854724550988,14.28852283144738,-159070.07838689553,-198209.3382112749,42.69166056315104,0,1,0,42.69166056315104,0,0,0,1,0,24.146567960205008,25.9000244140625,594.725893521943,658.23798828125,721.7500830405569,19.297608430393314,0.8366446334419145,607.4529745247605,657.019915335519,706.5868561462776,579.4250587158593,645.3125354614453,711.2000122070312,,0.25991681972406566,597.0735549085329,658.23798828125,719.6048141419573,37019111.0,79.37437136729206,0.0270734472811424,430022.6786958424,392698.6916069062,27377993.64941208,699.1666666666666,130500687.6087402,1001.4182640493618,,,,2.5079293433153644,1.3465785337676572,31.756047379653484,1008.4465451787969,668.9500122070312,668.9500122070312,-1.0097009707284454,0.06938430498592847,,1008.4465451787969,703.914866420201,5.847555541992188,3.3641913351730155,,0.020378457059679667,0.0400593471810089,0.20024198831713513,,,,0.020173594812240653,,,,
2026-08-17 00:00:00+05:30,704.0,710.7999877929688,688.4500122070312,698.2999877929688,1071949,0.0,0.0,663.604995727539,,,,660.9513508076571,,,,677.2790428524926,,668.2980310131751,,,,,,675.0910454851912,721.4644209075972,,650.581324813936,,639.0524883669783,687.2410386600222,699.6499938964844,679.125,673.6750183105469,78.91380219011843,,,,83.87348861720582,81.14041877284448,2.7330698443613386,16.16333133609774,10.433438158079014,-17.188576298837276,4.968055286428974,18.16369605277101,33.04998779296875,-1328.5740195077824,,,2.19256973009637,1.8549105875171248,0.0494584061866421,,,35.89016242695482,13.540186841017317,-139100.32972375085,-174795.1632699387,36.67498779296875,0,1,0,36.67498779296875,0,0,0,1,0,24.018239933471616,22.3499755859375,606.1813560032605,663.604995727539,721.0286354518174,17.306572462228814,0.8020967691356641,611.8479328196495,660.9513508076571,710.0547687956648,587.429784474622,649.3148983408266,711.2000122070312,,0.26370257905695527,601.6913970980606,663.604995727539,726.3546899017952,35947162.0,79.10727230412498,0.012230311539857142,302922.2704780709,426966.3942734824,23053383.787308224,699.1833292643229,130087809.52239,1001.0330982566327,,,,0.7024720328122472,1.2083870765426559,28.711819862139244,824.3685997959335,673.3250122070312,673.3250122070312,-1.085598553904829,0.670033992938066,,824.3685997959335,704.6271371023995,5.367007446289063,3.3613482329019275,,-0.003851657927291363,0.021503822018763774,0.18163696052771017,,,,-0.0038590946636707256,,,,
2026-08-18 00:00:00+05:30,697.5,749.0,696.0,739.25,5430733,0.0,0.0,670.4899963378906,,,,668.4083650164517,,,,684.4833289736794,,681.8021837722583,,,,701.1597136922728,,685.2980078271186,728.2106653728707,,659.6198017027132,,643.0492632613172,697.3925747783545,718.7749938964844,698.25,698.5,84.59954118954893,,,,86.52233350169426,83.74652262251567,2.775810879178593,34.09810305301863,20.542025652353786,-9.65346534653465,8.88135896734936,22.890867758511618,60.29998779296875,-1415.3341592545698,,,2.5746091034284238,2.19256973009637,0.0776878591283392,,,64.8987211148451,11.898721114845102,-137438.44381255793,-153762.86164581118,40.38332112630208,0,1,0,40.38332112630208,0,0,0,1,0,26.088365652509356,53.0,611.3981296081015,670.4899963378906,729.5818630676797,17.626472297137752,1.0818059867403582,613.8862249320638,668.4083650164517,722.9305051008397,593.4500122070312,671.2250061035156,749.0,,0.31420416344242025,603.7049240326271,670.4899963378906,737.3299545502052,41377895.0,81.94480693321263,0.056286115997237506,3735555.39311958,1494371.3212708817,51529840.76671097,728.0833333333334,161934950.65524375,1001.0330982566327,,,,2.879764020609116,2.3272239469614355,29.545933364894523,872.9621784027873,674.1749877929688,674.1749877929688,-0.26456820532974706,1.7658235932283675,,872.9621784027873,712.4699942452567,6.885000610351563,3.366059281135439,,0.05864243580535766,0.0899373387394029,0.22890867758511613,,,,0.05698736636166719,,,,
2026-08-19 00:00:00+05:30,741.0,743.9000244140625,700.0,708.0499877929688,2902144,0.0,0.0,675.9499969482421,,,,672.1837576618343,,,,688.0604710170202,,687.7178060724341,,,,706.9222639471936,,685.9082787378932,728.4763162897401,,662.9294117888008,,646.2079856839476,705.8782021523342,723.6499938964844,698.25,698.5,69.27317643095216,,,,77.53779727100432,82.6445397966348,-5.10674252563048,26.50580105526796,25.589078481461442,-40.544566541615104,3.184199241801414,18.234953103268616,21.8499755859375,-1707.1580423093778,,,2.9132736201633467,2.5746091034284238,0.10578998654675598,,15.037524632308878,56.37750139921991,12.47747698515741,-140754.9678343809,-142150.432215649,41.666656494140625,0,1,0,41.666656494140625,1,0,0,0,0,27.360626992620297,43.9000244140625,625.1283073366983,675.9499969482421,726.7716865597858,15.037115124193194,0.815809953290449,614.4922929351857,672.1837576618343,729.8752223884829,599.2999877929688,674.1499938964844,749.0,,0.36426363989852584,606.1644552791905,675.9499969482421,747.2519949520421,38475751.0,70.97688038022464,0.028576514464125537,1897749.0141234482,1210428.4597918773,31233159.481957614,717.3166707356771,149686465.26781562,996.8126028617012,,,,1.5615955658482543,1.2632398131617968,25.410844805771873,645.7110337430233,676.2999877929688,676.2999877929688,0.3555646972538766,1.1773087097318355,,645.7110337430233,712.2814191545759,5.460000610351562,3.362504279114302,,-0.04220495394931523,0.04997406899547907,0.18234953103268614,,,,-0.04312146330387104,,,,
2026-08-20 00:00:00+05:30,710.0,718.6500244140625,696.0999755859375,711.9500122070312,1404434,0.0,0.0,680.3549987792968,,,,675.9710199994721,,,,691.4890438988095,,693.4522059145443,,,,711.9045676729274,,686.789637406342,730.5166694444375,,681.1615171378003,,649.3951637417124,711.90892251453,710.0,702.25,700.7000122070312,70.00468895266502,,,,70.48264459603197,78.18092512291018,-7.698280526878207,22.92322085799773,27.84237498876144,-38.354034323754306,3.919141377596756,14.12199087422384,26.85003662109375,-1851.2712870333412,,,2.3687901568007024,2.9132736201633467,0.13346697058436163,,14.11415263483313,27.63786008605007,5.087811257925068,-143476.21777364943,-139827.22846521297,43.524993896484375,0,1,0,43.524993896484375,1,0,0,0,0,27.01701426658492,22.550048828125,633.4238786110601,680.3549987792968,727.2861189475335,13.796068303294964,0.8366104763158643,619.478733089052,675.9710199994721,732.4633069098923,608.0,678.5,749.0,,0.3434199652065246,615.9852674837391,680.3549987792968,743.5603102083485,39880185.0,70.3154284026868,0.2059274513881654,2467619.415996452,1165553.4661653428,27553754.825669307,708.9000040690104,150460044.3910937,997.3634148779854,,,,0.7438117331182948,1.346441905263458,23.465560084118337,550.6325100613677,678.6000061035156,678.6000061035156,0.6692790561380991,0.678628638299238,,550.6325100613677,713.7571341378348,4.405001831054688,3.3613122122016477,,0.005508120162841967,0.03631733945710525,0.14121990874223833,,,,0.005493005944198682,,,,
2026-08-21 00:00:00+05:30,712.0,722.0,705.0,710.75,927007,0.0,0.0,683.7349975585938,,,,679.2833038090462,,,,694.3838059198289,,698.0964430837261,,,,715.8147825853753,,688.1802775870432,731.2198461082114,,689.7897835720903,,652.4493076178403,713.9018598533578,711.3500061035156,706.625,706.0,69.45676326617365,30.044976219369232,,,58.87488498286136,68.96510894996588,-10.09022396710452,1.5213139052919364,16.983445272852542,-44.47674418604651,5.4525222551928785,10.510763122107319,36.75,-1912.31363628716,,,2.0102305857288365,2.3687901568007024,0.1595669135386446,,13.27647886238648,28.168144861703695,11.168144861703695,-145271.3082015959,-141862.02053836908,41.62498982747396,0,1,0,41.62498982747396,1,0,0,0,0,26.30151324754314,17.0,638.3752058624838,683.7349975585938,729.0947892547039,13.268237506658526,0.7977857859488685,624.9331394615232,679.2833038090462,733.6334681565692,635.5,692.25,749.0,,0.3325819631583203,623.5878493967435,683.7349975585938,743.9128921213528,38953178.0,70.61179869339296,0.12583151329513154,2167705.386584687,945808.9170357129,23458587.03400178,712.5833333333334,150303794.6970239,997.1948620039835,-18.790291797973858,0.0,-18.790291797973858,0.48253150251055027,1.191143143795475,22.679895848055008,514.3776756786228,681.2749938964844,681.2749938964844,0.6395501582725495,0.3494766643375108,,514.3776756786228,715.681422642299,3.379998779296875,3.362763306289851,,-0.0016855287400181496,0.013908701854493666,0.10510763122107325,,,,-0.001686950841805143,,,,
2026-08-24 00:00:00+05:30,710.0,728.0,708.9000244140625,722.75,922124,0.0,0.0,687.2474975585939,,,,683.4229891605656,,,,698.0995204380581,,704.1898304890317,,,,719.5071878197077,,690.3220096029378,734.6512893360008,,694.2814955297043,,655.7840805186778,714.6679559839297,716.75,706.625,708.5,71.83111196047922,29.94633622329411,,,61.587271360930586,63.648266979941305,-2.0609956190107184,5.773773335431155,10.072769366240273,-32.407407407407405,5.727037128769006,10.766283524904214,39.1500244140625,-1833.5547110031544,,,1.919833681719813,2.0102305857288365,0.18564130537408463,0.08452971684074218,13.21176129322548,30.036981310031706,10.937005724094206,-145618.18547263797,-143978.0342095849,43.17499796549479,0,1,0,43.17499796549479,1,0,0,0,0,25.7871177002856,19.0999755859375,641.1972548461381,687.2474975585939,733.2977402710496,13.401356243870376,0.8854757363939294,630.6109403535805,683.4229891605656,736.2350379675507,636.1500244140625,692.5750122070312,749.0,2.054579623745829,0.33355065983699955,628.1511722879301,687.2474975585939,746.1512028055081,39875302.0,69.65469828560981,0.1275016933389896,2582901.932335548,902038.7826728919,21688144.314858668,719.8833414713541,151860669.54753393,998.88321937296,-22.154601114380675,-2.691447453125452,-19.463153661255223,0.4794378208831357,1.5419029455757156,23.025121356227913,530.1562134690228,684.3499755859375,684.3499755859375,0.5290542654654696,-0.1188997478844119,,530.1562134690228,719.8035661969866,3.5125,3.364531274656503,,0.016883573689764342,0.03501362256113949,0.10766283524904208,,,,0.016742630365346286,,,,
2026-08-25 00:00:00+05:30,726.3499755859375,730.0,708.0,721.5499877929688,1078477,0.0,0.0,690.7724975585938,,,,687.0541318874612,,,,701.3664242699033,,709.1284984137407,,,,723.1984483595018,,692.6886582558272,737.898785589715,,696.9485792283045,,658.9892467936914,715.8024255083322,722.1499938964844,706.625,708.5,71.2347493014813,29.432057916710846,,,63.07564814908274,61.17926816429156,1.8963799847911815,7.956399469255439,5.083828903326177,-33.88890395929784,6.384074868111869,10.828661596168974,43.29998779296875,-1763.8463120264842,,54.144159544246385,1.9455124284742158,1.919833681719813,0.21040102570677455,0.10740654912248576,12.718585538009044,28.66741429531737,6.667414295317371,-143842.87126765415,-144849.6793982952,44.591664632161454,0,1,0,44.591664632161454,1,0,0,0,0,25.516609293122343,22.0,645.6041418937601,690.7724975585938,735.9408532234276,13.077635784421878,0.8406974836847674,635.0813258239984,687.0541318874612,739.0269379509239,636.1500244140625,692.5750122070312,749.0,2.1519249410660297,0.33339235146922924,630.743421248649,690.7724975585938,750.3184487144694,38796825.0,62.23673915002338,0.1395887782548595,2832911.3127898714,881677.7321533049,18404954.332021367,719.8499959309896,151681605.47766158,998.88321937296,-24.32363765195601,-3.8883871925606286,-20.43525045939538,0.5516473661844257,1.362789934739071,22.58417783241683,510.04508836622773,685.6499938964844,685.6499938964844,0.4816246371749523,-0.5090457812380622,,510.04508836622773,722.5542776925223,3.525,3.3670680965203004,,-0.0016603420367087285,-0.02394320217386714,0.10828661596168976,,,,-0.0016617219321586284,,,,
2026-08-26 00:00:00+05:30,725.5,725.9000244140625,699.0499877929688,713.5499877929688,1134601,0.0,0.0,692.8174957275392,,,,689.5775467356048,,,,703.5357090541295,,711.8326822648446,,,,725.4653155861066,,693.9842976196763,738.1084227322124,,699.3228122407967,,661.8243438030801,716.8552053699094,717.5499877929688,706.625,708.5,67.2276092054827,28.055548611932522,,,63.31274715470679,62.6585555549067,0.6541915998000931,7.65119413484602,7.127122313177537,-43.76544716917439,5.813007136683094,6.08042249229586,39.20001220703125,-1784.7630791888646,,55.063661497594566,1.610446824546547,1.9455124284742158,0.231727148645966,0.13155662940745513,12.098938056467276,22.822095553910344,-4.027941067183406,-138651.68675948647,-143807.51807361108,35.916666666666664,0,1,0,35.916666666666664,1,0,0,0,0,25.61185410226316,26.85003662109375,647.4010452944026,692.8174957275392,738.2339461606757,13.110653444293867,0.7282487057850611,637.4402390360731,689.5775467356048,741.7148544351364,648.0,698.5,749.0,2.3435515412312493,0.32151154721964137,635.0238920229098,692.8174957275392,751.598934747519,37662224.0,62.04564003890637,0.08260680614087657,2923762.235419676,822102.8021272025,14478988.284589745,712.8333333333334,150423645.78622514,998.88321937296,-25.803220896872713,-4.294376349981864,-21.50884454689085,0.5723706161549622,0.9129948231402456,22.708225216568252,515.6634924863862,686.6000061035156,686.6000061035156,0.2614762161599908,-0.7141291411927275,,515.6634924863862,724.9721357073103,2.0449981689453125,3.367595188217508,,-0.011087242928892405,0.007767813141475788,0.06080422492295856,,,,-0.011149164525361188,,,,
2026-08-27 00:00:00+05:30,714.7999877929688,720.4500122070312,708.0,710.2000122070312,592845,0.0,0.0,695.3649963378907,,,,691.5415910662168,,,,705.1911868140812,,713.4541823679875,,,,725.8028424838508,,694.5238231961813,736.3266705114362,,702.1572688285194,,664.4301804783101,716.7016837341993,711.875,706.7999877929688,708.5,65.56439934406289,26.390131034530555,,,58.1481431246785,61.51217947615601,-3.364036351477509,3.3987347047068015,6.3354427696027535,-47.901219497492285,3.37700323246452,7.728481184229238,23.20001220703125,-1835.4150894910863,,48.70537130784111,1.3135929786316158,1.610446824546547,0.24902723040254315,0.15586298290156797,11.763209923531003,16.354642868753558,3.904630661722308,-132442.42663206338,-140508.2880264971,34.10833740234375,0,1,0,34.10833740234375,1,0,0,0,0,24.671722538318022,12.45001220703125,652.2173031513043,695.3649963378907,738.5126895244771,12.410084894644339,0.6719097218591561,641.9983103462536,691.5415910662168,741.0848717861801,648.0,698.5,749.0,2.5237799795422884,0.31133337163534175,639.0352983060981,695.3649963378907,751.9728440824651,37069379.0,64.57555121748598,0.12420633754207355,2540437.710610993,601027.7272112884,12126844.77589905,712.8833414713541,150145316.8239631,998.4137392183461,-29.381301657773044,-6.297965688705755,-23.08333596906729,0.30871446017500404,0.6876388874366253,21.573846593293155,465.4308568309466,692.6499938964844,692.6499938964844,0.16026410848359515,-0.6729779149543978,,465.4308568309466,724.8435677664621,2.5475006103515625,3.3639011131014915,31.580316569010414,-0.0046948015461384385,-0.00245803774140696,0.07728481184229241,,,,-0.004705856741788189,,,,
2026-08-28 00:00:00+05:30,713.0999755859375,743.5499877929688,712.2000122070312,737.3499755859375,2665306,0.0,0.0,699.3699951171875,,,,695.9042943538092,,,,709.189756266276,,719.6771799346615,,,,727.3574944539914,,696.8046458663089,740.1431745940524,,706.7087247651946,,667.8643373368072,718.4795800844826,723.7749938964844,706.7999877929688,710.0,71.67960399651285,26.950383503720673,,,64.46580153245192,61.97556393727906,2.4902375951728573,10.708622858515954,7.252850566022925,-14.935928735977566,5.1854458753120545,12.187139685954735,36.3499755859375,-1896.2693454763162,,58.13554932014201,1.4217945503447824,1.3135929786316158,0.2673941261612356,0.18007806289874503,12.214938157798253,34.7039604193111,3.3539848333736018,-129806.24224113804,-135972.89004864864,39.10833740234375,0,1,0,39.10833740234375,1,0,0,0,0,25.291597756005128,33.3499755859375,656.2486937210315,699.3699951171875,742.4912965133435,12.33147023670369,0.9403853691685622,644.7270450193781,695.9042943538092,747.0815436882402,652.4000244140625,700.7000122070312,749.0,2.5226829115183,0.3322324878377767,640.9531568560145,699.3699951171875,757.228196528866,39734685.0,67.26334169836882,0.16662578288221655,4151520.8969328776,968566.4170107152,20732004.135567628,731.0333251953125,160334412.71945634,998.4137392183461,-22.72589663294278,0.2859514688996079,-23.01184810184239,1.4701389218306837,1.7615414766742463,21.560650698078035,464.86165852453286,699.6499938964844,699.6499938964844,0.28877307180173367,-0.883674564532049,,464.86165852453286,728.8292785644531,4.004998779296875,3.3637249616665055,29.911516927083326,0.03822861575929082,0.03742522066259224,0.12187139685954729,,,,0.03751600688925398,,,,
2026-08-31 00:00:00+05:30,734.0,741.7999877929688,721.0,728.7999877929688,889024,0.0,0.0,702.5474945068358,,,,699.0372175384911,,,,711.9926127115885,,723.3805683263553,,,,728.8592998897668,,698.0600566125721,738.0676318313748,,708.2021040474945,,670.9338045820178,721.0898763471439,733.0749816894531,706.7999877929688,710.0,67.60785126636891,26.400150560157385,,,70.42180007301806,64.34524824338283,6.076551829635235,14.287007754713613,9.464788439312123,-25.89745154747596,4.367750326961571,9.552797864407177,30.5,-1953.6817702977696,,55.4118682437562,1.7106438438161655,1.4217945503447824,0.28406275866152964,0.20300860729132175,11.954744716871838,30.10339464512367,9.303406852154922,-130198.50754761141,-132224.58867558345,41.98333740234375,0,1,0,41.98333740234375,1,0,0,0,0,24.970768472931102,20.79998779296875,660.6644697665165,702.5474945068358,744.4305192471552,11.923186707745584,0.8134025473196129,648.7720895134404,699.0372175384911,749.3023455635417,663.0,706.0,749.0,2.5319530833996966,0.33688439474720805,644.244307733753,702.5474945068358,760.8693535101203,38845661.0,66.76418780992793,0.15203173480631238,3929264.2447483754,960153.6355962562,16684411.495107077,730.5333251953125,159303539.3758157,997.2541829593017,-25.125573409634214,-1.6909802462334582,-23.434593163400756,0.49536920307610954,1.2536101892784521,20.941512370159664,438.5469403495502,704.5249938964844,704.5249938964844,0.2205368066297934,-1.138428674327119,,438.5469403495502,730.8828491210937,3.1774993896484376,3.3621898955810336,28.313776041666664,-0.011595562590443587,0.008370789059797712,0.0955279786440717,,,,-0.011663315390147044,,,,
2026-09-01 00:00:00+05:30,732.4000244140625,753.9000244140625,721.0999755859375,729.9000244140625,3707105,0.0,0.0,705.0949951171874,,,,701.9765324790217,,,,714.5976155598959,,726.6608490904265,,,,730.310273500913,,698.5352995459582,739.370720326973,,712.0226700453301,,673.940853098357,724.7401861380359,729.3500061035156,713.125,714.625,67.86080848569686,25.755952166054954,,,76.20428377092276,70.36396179213091,5.840321978791849,18.30835795053321,14.434662854587593,-30.553768403778193,-1.2647920981991885,7.504236142718432,-9.3499755859375,-1957.8020442649595,,53.274784756849975,2.0771641558013823,1.7106438438161655,0.2988088748916873,0.22445515044075856,11.976830033752911,39.60294108532912,6.802892257204121,-132620.48520062814,-130845.4019016984,40.52500406901042,0,1,0,40.52500406901042,1,0,0,0,0,25.530002784016382,32.800048828125,663.0576272771016,705.0949951171874,747.1323629572732,11.923887740289288,0.7950354716693466,650.2509311557616,701.9765324790217,753.7021338022818,668.0,710.9500122070312,753.9000244140625,2.512376518735065,0.3317497621889708,645.9998117517639,705.0949951171874,765.5998636316467,42552766.0,73.27961423741193,0.06744948260325588,2211345.6134597166,322814.875462472,14883488.60412603,734.9666748046875,159863082.64235568,997.2541829593017,-14.485549293077652,7.159235096258483,-21.644784389336134,2.285082715863776,1.1801418866773854,21.018683920042935,441.78507373067146,709.125,709.125,0.02365988082688872,-1.2165391755928072,,441.78507373067146,733.6028564453125,2.5475006103515625,3.352035563627391,26.993111707899303,0.0015093806799104659,0.011572360560401895,0.07504236142718423,,,,0.001508242709834805,,,,
2026-09-02 00:00:00+05:30,725.0,726.2999877929688,702.9500122070312,706.4000244140625,1020619,0.0,0.0,706.104995727539,,,,702.3978174252161,,,,714.7219040643602,,725.112409310663,,,,729.339543871859,,698.5802034444223,735.702083783556,,714.3391409048243,,675.8617042105185,724.8574493580259,718.1500244140625,718.7749938964844,719.6000061035156,57.52570816442314,23.08307932547848,-4.256766847993603,27.339846173472083,58.10227816841469,68.24278733745183,-10.140509169037138,7.599735092017258,13.39836693242136,-69.24194554350176,-0.23302922213857777,2.943749904938324,-1.64996337890625,-2124.378024435628,46.41730949766793,47.00392607129362,1.3367498489183833,2.0771641558013823,0.30719824692486686,0.2437586255897036,9.534102122064692,13.131055737759766,-10.218919848177734,-136935.78965541197,-132063.3362321715,33.95001220703125,0,1,0,33.95001220703125,1,0,0,0,0,25.631432028517445,26.95001220703125,665.019213583052,706.104995727539,747.1907778720259,11.637301079325756,0.5035903988085954,650.4651281885463,702.3978174252161,754.3305066618859,668.0,710.9500122070312,753.9000244140625,2.7789370826378224,0.35451413793424336,647.4938354073837,706.104995727539,766.9563750802354,41532147.0,69.46625505695316,0.04881622807030827,1492324.188649357,-196040.9684375967,9330912.160679456,711.8833414713541,156577078.29960287,994.0345639410855,-17.292398903932554,3.4819083883228643,-20.77430729225542,0.7116522058785589,0.014361595234381548,20.542891072243478,422.0103736060608,709.125,709.125,-0.09316169753323882,-1.0427503018728186,,422.0103736060608,731.9557207380022,1.0100006103515624,3.3445594289265115,24.940445149739585,-0.03219619018216224,-0.010020269779586588,0.02943749904938331,,,,-0.03272588805509602,,,,
2026-09-03 00:00:00+05:30,709.9000244140625,725.4500122070312,699.9000244140625,707.4500122070312,1656554,0.0,0.0,707.2224975585938,,,,702.8789788330081,,,,714.8500008719309,,723.8656127649862,,,,726.4008296844349,,698.661312083366,732.6971257483661,,714.9654338772448,,677.74122290969,721.5203111968615,706.9250183105469,718.7749938964844,721.1750183105469,57.834703481105116,20.80965285750881,-5.224154652770622,26.03380751027943,43.07802479135724,59.12819557689822,-16.050170785540985,4.401785573397657,10.103292871982708,-70.97021167864833,-0.6320668477903508,3.262302936440582,-4.5,-2350.8195881774523,42.60934438657205,43.8135106928355,0.536953988748878,1.3367498489183833,0.310604117454627,0.26054053713592384,7.779740150617794,13.098068701561942,-12.451919091406808,-141098.29209806898,-135068.22489296008,23.65834554036458,0,1,0,23.65834554036458,1,0,0,0,0,25.625614583121113,25.54998779296875,667.3442114479058,707.2224975585938,747.1007836692818,11.277437086165113,0.5028526131715638,651.0255956583127,702.8789788330081,754.7323620077035,668.0,710.9500122070312,753.9000244140625,3.0073614182434425,0.354330600195583,647.92863398765,707.2224975585938,769.291167556986,43188701.0,60.652688389622035,0.02897344032270089,814789.2457023251,-606057.5711128078,8246404.9203528995,710.933349609375,156823307.2659504,994.0345639410855,-16.73920574576339,3.2280812371936243,-19.967286982957013,1.1351187933501543,0.011410452686255243,19.939143055343976,397.5694257814719,709.125,709.125,-0.22052179206242012,-0.7801511640051491,,397.5694257814719,730.1050074986049,1.1175018310546876,3.3371714061402105,23.29000040690104,0.001486392634031608,-0.0038721486239545744,0.032623029364405864,,,,0.0014852890459418116,,,,
2026-09-04 00:00:00+05:30,709.0,744.9000244140625,695.7999877929688,728.25,2565950,0.0,0.0,709.9349975585939,,,,705.2952665631979,,,,716.8526201520648,,726.4693385432545,,,,724.7385444383495,,699.450114926576,732.797399486617,,716.6174669849778,,680.4475011929669,718.798286786606,717.8500061035156,722.8250122070312,724.8500061035156,63.49954248826694,20.450589518709535,-4.466574393255918,24.917163911965453,38.54660264335142,46.57563520104111,-8.029032557689689,7.735426841475812,6.578982502296909,-44.14803484779565,2.4621878297572986,8.048961424332344,17.5,-2683.918472284673,37.16275658564837,47.24348896272686,0.055456059066697955,0.536953988748878,0.3136076152110645,0.2747590160066994,7.273935917945225,30.27692998080306,-18.82310664029069,-141492.64033538976,-138363.54817382994,21.70001220703125,1,0,0,21.70001220703125,1,1,0,0,0,27.302359014404875,49.10003662109375,672.2518658311553,709.9349975585939,747.6181292860324,10.61593860199247,0.7430132741338783,649.0279129058841,705.2952665631979,761.5626202205116,668.0,710.9500122070312,753.9000244140625,3.03179452998294,0.3603572773117079,646.4294968385728,709.9349975585939,775.1045304079088,45754651.0,62.88994370368452,0.06080459149657337,1640490.8432435174,-455972.25743385055,14692879.74278365,722.9833374023438,164367547.53119043,994.0345639410855,-12.249894948036362,6.173913627936523,-18.423808575972885,1.5807382733701707,0.9720530965355129,18.841565863719275,355.00460419687147,710.4750061035156,710.4750061035156,-0.34284107807221037,-0.592516336836991,,355.00460419687147,730.6878653390066,2.7125,3.3360818792098135,22.601334635416666,0.029401353359340687,-0.012341460483139222,0.08048961424332335,,,,0.02897742294260905,,,,
2026-09-07 00:00:00+05:30,260.0,273.0,250.0,272.20001220703125,3615221,0.0,0.0,689.3649993896485,,,,664.0480994816583,,,,675.1635739281064,,645.8867277231736,,,,675.2347867177987,,566.8413540604967,646.1357458803767,,675.291820356936,,-458.28422152229155,661.8107458752961,500.2250061035156,504.7749938964844,501.95001220703125,15.21952115117125,-16.443839069460864,-33.08880238514106,16.644963315680194,29.762463907169728,37.12903044729279,-7.366566540123063,7.735426841475812,6.62421308544976,-95.59436175204684,-62.33828955973279,-60.181389419489214,-450.54998779296875,-757.3722651637729,-46.97882133932694,20.08323736699428,-0.4831174138100224,0.055456059066697955,0.23650643191641674,0.2776596166966596,-17.060830344231544,-378.4197969723697,-401.4197969723697,-138724.74414962533,-140140.39977865914,-62.09165445963541,0,1,0,-62.09165445963541,0,0,0,1,0,59.51290479909024,478.25,489.78598192656597,689.3649993896485,888.944016852731,57.902277498795634,-0.5451123381739843,522.0443033155173,664.0480994816583,806.0518956477993,250.0,501.95001220703125,753.9000244140625,17.130335960979934,3.523321403205095,625.4998413678403,689.3649993896485,754.4123779889342,42139430.0,50.30610344180095,0.13484091280531776,5004222.045949232,717156.4133351641,-222937744.9231689,265.06667073567706,-62027439.48135805,994.0345639410855,-4.659863934482464,11.011155713192338,-15.671019647674802,1.9102176500507089,-4.180449352695938,99.78950873154125,9957.946052882346,710.4750061035156,710.4750061035156,-4.239965018650195,18.540341071018606,,9957.946052882346,646.7607230050223,-20.56999816894531,3.1853984522448817,36.68888753255208,-0.6262272403610968,-0.626509307400873,-0.6018138941948922,,,,-0.9841072607763627,,,,
2026-09-08 00:00:00+05:30,265.3999938964844,265.3999938964844,258.6000061035156,258.6000061035156,1334287,0.0,0.0,668.3824996948243,,,,625.4339953504066,,,,634.1383364722843,,574.0657076406452,,,,594.4208095269802,,470.33994431818917,565.8990105026326,,660.8787927442171,,46.779862883118426,565.342814640466,265.40000915527344,497.97499084472656,501.95001220703125,14.85675059721757,-46.247237007829426,-50.3137602588077,4.066523250978269,20.65476412120376,29.6546102239083,-8.999846102704542,7.354991463897751,7.608615048949792,-98.29331103654624,-64.16048638646576,-61.872465005010596,-462.9499816894531,-288.8596205528172,-132.12367410098818,17.93398820949597,-1.0075821110025867,-0.4831174138100224,0.10249907119646018,0.26330094142449234,-39.38819399991197,-329.9026900946204,-336.7026778875892,-136513.6949566012,-139674.45933745004,-144.41665140787757,0,1,0,-144.41665140787757,0,0,0,1,0,56.23341203512062,13.600006103515625,390.8631858613852,668.3824996948243,945.9018135282635,83.04206467409043,-0.23829545037944813,494.36389289465706,625.4339953504066,756.5040978061561,250.0,501.95001220703125,753.9000244140625,24.357706060708228,3.5204497440919567,605.3413460285237,668.3824996948243,732.716376546102,40805143.0,56.23265035883327,0.1051570985733546,3669935.045949232,707330.786528382,-193681825.84040785,260.8666687011719,-68693975.31165028,989.0382356921464,-7.421701080818956,6.599454853484676,-14.021155934303632,0.6956109612214094,-2.9531818015177924,138.75965691671956,19254.242387645718,710.4750061035156,710.4750061035156,-2.81844746530577,6.781001413593663,,19254.242387645718,565.6500100272042,-20.98249969482422,3.038739510728053,55.92055426703563,-0.04996328248939119,-0.6457048945694852,-0.618724650050106,,,,-0.0512546451232758,,,,
2026-09-09 00:00:00+05:30,257.0,271.5,255.0,262.75,3289030,0.0,0.0,647.8025009155275,,,,590.8926624598917,,,,595.5066698346819,,513.1649104882132,,,,499.24823163185283,,407.5773127920912,494.4133892921884,,628.7819204634346,,46.79536284205365,449.7297211728174,260.6750030517578,497.97499084472656,501.95001220703125,15.518488110621083,-68.73938987369411,-58.2447304997379,-10.494659373956207,2.8808636766910958,17.76603056835486,-14.885166891663765,0.38715514462394496,5.159191149999169,-97.46973618133363,-63.17707175460916,-61.03655230776889,-450.79998779296875,-111.2110424654233,-211.38837980382596,17.7213092593345,-1.4987361026393282,-1.0075821110025867,-0.06734819986871088,0.22814811583879743,-59.01419213548364,-276.29515770666137,-292.79515770666137,-138911.9682037061,-138480.2477919248,-225.89998881022134,0,1,0,-225.89998881022134,0,0,0,1,0,53.39531117546915,16.5,316.3425748117868,647.8025009155275,979.2624270192682,102.33363583354323,-0.08084321903066696,469.1625697618325,590.8926624598917,712.6227551579508,250.0,501.95001220703125,753.9000244140625,29.80348342177188,3.524756797975349,584.465586179604,647.8025009155275,712.1156105936665,44094173.0,62.667516797848094,0.10594287716825439,3470599.8944340805,575583.5922136614,-164063071.5167276,263.0833333333333,-63415764.13485308,989.0382356921464,-2.1715040192514037,9.479721532041783,-11.651225551293187,1.5415443827858353,-2.3233728761226677,165.72996305187036,27466.42065317431,710.4750061035156,710.4750061035156,-2.0954997954021164,2.7115919781727746,0.39635401112612606,27466.42065317431,490.915007672991,-20.579998779296876,2.9072399686933044,78.41833190917971,0.016047926521792766,-0.6280436142142787,-0.610365523077689,,,,0.01592051981715511,,,,
2026-09-10 00:00:00+05:30,253.8999938964844,256.1000061035156,249.6499938964844,249.6499938964844,1892656,0.0,0.0,625.9350006103517,,,,558.3933606919481,,,,557.587383451916,,458.66412159419497,,,,403.1041240754891,,359.4814197202362,424.65497242693533,,609.9449599778923,,46.813250024152666,350.41192532413885,256.1999969482422,493.49998474121094,501.77500915527344,15.119032739157547,-86.6231068238834,-60.90275795994175,-25.72034886394165,1.4123175940400425,8.315981797311633,-6.90366420327159,0.5406055362645508,2.7609173815954158,-100.0,-64.84793162412554,-63.66084513879412,-460.5500183105469,-33.5228776274686,-292.2270599365235,16.8286143564056,-1.9666150814952383,-1.4987361026393282,-0.2603057137178899,0.16951480029667237,-76.75014487826462,-249.10298534454904,-255.55299755158026,-146777.51004900582,-139392.26341987427,-305.8999938964844,0,1,0,-305.8999938964844,0,0,0,1,0,50.517075098901046,13.100006103515597,250.56508735860967,625.9350006103517,1001.3049138620938,119.93894346400741,-0.0012189222282068756,445.76137089779644,558.3933606919481,671.0253504860998,249.6499938964844,501.77500915527344,753.9000244140625,34.6362764615579,3.5161951355257144,564.1494941655353,625.9350006103517,689.3495216313555,42201517.0,58.881412459281734,0.04641536091959436,1577943.8944340888,-132847.4956617821,-144167462.03603157,251.79999796549478,-72852036.3144365,984.0525054909987,-3.194883237063284,6.765073851383923,-9.959957088447206,0.8361356848228413,-2.004875688912828,187.68495662587102,35225.64294365508,710.4750061035156,710.4750061035156,-1.611392897787619,0.6842726021151716,0.6061094593787575,35225.64294365508,420.89214913504463,-21.86750030517578,2.781494430231687,101.90799886067713,-0.04985730201147709,-0.6471128848840478,-0.6366084513879412,,,,-0.05114309725873254,,,,
2026-09-11 00:00:00+05:30,238.1000061035156,243.0,237.1999969482422,237.1999969482422,1259054,0.0,0.0,602.7450004577638,,,,527.8035165258809,,,,520.5650021507627,,409.8957745252816,,,,319.0317171646712,,314.3091408840475,359.98307087232394,,589.3704891866458,,46.833881254785446,288.46135513891113,243.42499542236328,487.27498626708984,495.55001068115234,14.730943281548884,-100.64057021008648,-59.93617707691586,-40.70439313317062,0.843421272888788,1.7122008478733086,-0.8687795749845206,0.5406055362645508,0.48945540571768215,-100.0,-67.83074458505942,-66.16262525702679,-500.1499786376953,7.351772110192286,-376.2300022349639,16.037899003946062,-2.4150491247217487,-1.9666150814952383,-0.46684076007760256,0.08608107599232435,-92.6381418719194,-223.91684937666145,-229.71685242841926,-158931.10025774885,-144470.625286629,-379.99166107177734,0,1,0,-379.99166107177734,0,0,0,1,0,47.79799808813971,12.449996948242216,191.32593052983532,602.7450004577638,1014.1640703856923,136.5151331377183,0.05575102100449912,423.5269549124595,527.8035165258809,632.0800781393024,237.1999969482422,495.55001068115234,753.9000244140625,39.0891208676636,3.506251332949689,543.7134670030789,602.7450004577638,663.8884891283228,40942463.0,55.67436327286888,-0.002823558663449611,318889.89443408884,-811191.2592779375,-125811427.23912309,239.13333129882812,-79130914.27995,979.0655248170058,-6.4036685600788195,2.845030822694709,-9.248699382773529,0.5930681363197438,-1.7769959159820035,205.70953496396424,42316.41277509043,710.4750061035156,710.4750061035156,-1.2438792104746517,-0.4903716537963881,0.7254153363211884,42316.41277509043,356.2050055367606,-23.190000152587892,2.6561442632657015,124.29111005995004,-0.04986980673992936,-0.6742876801259976,-0.6616262525702679,,,,-0.05115625824051578,,,,
2026-09-15 00:00:00+05:30,225.3500061035156,229.3500061035156,225.3500061035156,225.3500061035156,1510389,0.0,0.0,579.0975013732912,,,,498.99842029517947,,,,484.6226217360724,,366.2582333240025,,,,247.25386051987144,,281.40884432424406,299.108491531433,,572.6212362041765,,46.85766935285822,257.3866985980234,231.2750015258789,481.34999084472656,489.62501525878906,14.353290433866514,-111.42131064888383,-56.57353401257056,-54.84777663631327,0.0,0.7519129556429435,-0.7519129556429435,0.1534503916406058,0.41155382138990243,-100.0,-69.07930709686961,-67.72876843149434,-503.4499816894531,30.49885167818556,-370.5791193793803,14.922182675479112,-2.8488338462015856,-2.4150491247217487,-0.6799350998505149,-0.022668254534587,-106.62200161563437,-203.057294234125,-207.057294234125,-175038.22136815597,-154227.90169756187,-464.16666412353516,0,1,0,-464.16666412353516,0,0,0,1,0,45.230283285038766,11.849990844726591,137.5394978814146,579.0975013732912,1020.6555048651677,152.49867334766637,0.09943258589776242,402.3958186745169,498.99842029517947,595.601021915842,225.3500061035156,489.62501525878906,753.9000244140625,43.26604856338143,3.501262329084292,522.3612838348033,579.0975013732912,637.948812063563,39432074.0,57.45022498425405,-0.03755057787572859,-1191499.1055659112,-1495529.1844592793,-110395237.03667347,226.6833394368489,-86676485.97145435,979.0655248170058,-8.015470398151548,0.986583187697585,-9.002053585849133,0.6912261825790421,-1.6022696564089502,220.77900174593827,48743.36761193301,710.4750061035156,710.4750061035156,-0.9445269851196985,-1.2216795932531872,0.777926630063785,48743.36761193301,295.6728624616351,-23.647499084472656,2.5420908735379886,145.33266520182295,-0.04995780352945067,-0.1721161058136994,-0.6772876843149436,,,,-0.05124887803655091,,,,
2026-09-16 00:00:00+05:30,214.1000061035156,225.25,214.1000061035156,215.0500030517578,3358403,0.0,0.0,552.887501525879,,,,471.95571389104407,,,,449.9514314197359,,327.39023893242813,,,,187.98799958134103,,256.6009414050831,244.30768107029206,,516.8022358050282,,46.88474900508486,240.93357940059718,220.20000457763672,476.19998931884766,484.00001525878906,14.016919237810459,-119.41965384980398,-51.657501770792564,-67.76215207901141,0.058663512166073004,0.3006949283516203,-0.2420314161855473,0.0,0.2313519759683855,-99.82400946350178,-70.53706043860018,-70.90970537006996,-514.8500213623047,46.50093040223885,-366.2235302644617,11.613055393949852,-3.272119383635839,-2.8488338462015856,-0.8943336717991746,-0.15617180105948048,-118.27596160082915,-176.1062578682288,-187.2562517647132,-196311.44948716412,-168504.60046466326,-477.9249928792317,0,1,0,-477.9249928792317,0,0,0,1,0,42.80312019325029,11.25,89.65709142411299,552.887501525879,1016.117911627645,167.56769101248477,0.13534615700218985,382.4105029009208,471.95571389104407,561.5009248811673,214.1000061035156,484.00001525878906,753.9000244140625,47.21742144403843,3.4759157876165783,502.2851871711888,552.887501525879,607.4102138740694,36073671.0,57.77381761161554,-0.20445667540070125,-3977619.7114072177,-2526021.3298503095,-99566140.4812962,218.13333638509116,-102026634.72323327,979.0655248170058,-2.0247385741325883,5.581852009373236,-7.606590583505825,1.561890773500322,-1.4586153719912407,231.615205050883,53645.60321076257,709.125,709.125,-0.6855736512437757,-1.690538789109272,0.8022290468790692,53645.60321076257,244.07929120744973,-26.20999984741211,2.4391689001880166,164.73244255913627,-0.04570669080446543,-0.16840681370411525,-0.7090970537006995,,,,-0.04678420280059391,,,,
2026-09-17 00:00:00+05:30,216.0,225.8000030517578,215.6000061035156,225.8000030517578,1462653,0.0,0.0,528.7750022888184,,,,448.5123128587311,,,,418.8002410888672,,296.50428220027163,,,,144.04563685429554,,245.99537884300543,196.6736156251675,,489.7760863668547,,46.90850372649311,231.47976914502686,220.4250030517578,476.19998931884766,484.00001525878906,16.22362626959354,-123.46770446192306,-44.56444190632931,-78.90326255559376,0.7811531102497352,0.27993887413860274,0.5012142361111325,1.2756412811377977,0.4763638909261345,-97.83253120574902,-68.03510826049984,-68.10959579907784,-480.6000213623047,68.00447575357501,-361.53352948357076,21.316257277370905,-3.667357005145915,-3.272119383635839,-1.1026559780478729,-0.31320070055975824,-126.58521412995,-150.4767898426894,-160.67678679093163,-220028.60111560297,-186943.173847332,-486.3999913533528,0,1,0,-486.3999913533528,0,0,0,1,0,40.51361160801813,10.75,49.62025459487592,528.7750022888184,1007.929749982761,181.2319968303747,0.18384431053307201,365.4475981533815,448.5123128587311,531.5770275640807,214.1000061035156,484.00001525878906,753.9000244140625,50.71664246147645,3.497683561211728,481.32528798013965,528.7750022888184,578.0253078165654,37536324.0,57.467811615902995,-0.12161019307146174,-2514966.711407222,-2252558.4047966134,-83096189.01968247,222.4000040690104,-94715070.19085997,984.0643622257236,-4.524699919457248,2.465512531238862,-6.99021245069611,0.6665329335131287,-1.2646227578677118,239.57737384697126,57397.318059411424,708.8250122070312,708.8250122070312,-0.44749305692654756,-1.9921504999131483,0.8030188823359478,57397.318059411424,198.85071868896478,-24.112499237060547,2.3710624256042125,181.41599765353737,0.04998837408717782,-0.1406279617440236,-0.6810959579907783,,,,0.04877909181020778,,,,
2026-09-18 00:00:00+05:30,226.3000030517578,237.0500030517578,226.25,237.0500030517578,930482,0.0,0.0,505.03000183105473,,,,428.373045258067,,,,391.0169078281948,,272.6207277855267,,,,117.05425727546981,,243.124929593642,153.73803376596257,,474.49660068191474,,46.92932922174429,227.6417697430669,231.4250030517578,472.47501373291016,484.00001525878906,18.578668076553043,-124.33477882227936,-36.345213013348484,-87.98956580893088,2.1983444261541303,1.0127203495233128,1.1856240766308175,4.099699809389854,1.791780363509217,-95.74842605228682,-66.49233176034119,-66.70412262275164,-470.40000915527344,91.07188664494649,-353.2682351056268,28.5380694626962,-2.9211657779530262,-3.667357005145915,-1.2996106885547198,-0.4924471787559565,-131.8868593418541,-119.33724843659098,-130.1372514883488,-238402.9724544375,-207686.88250468794,-491.87499491373694,0,1,0,-491.87499491373694,0,0,0,1,0,38.42335363601684,11.25,17.107891326700894,505.03000183105473,992.9521123354086,193.22499999418892,0.2253864981622864,351.07639861989355,428.373045258067,505.66969189624047,214.1000061035156,484.00001525878906,753.9000244140625,53.831597266941145,3.511251251716772,458.9970266260433,505.03000183105473,552.7595350183773,38466806.0,51.174597883131725,-0.1131500119612482,-1584484.7114072219,-1639846.7168385908,-69729887.37401354,233.45000203450522,-90079143.54846726,989.0466473665352,-8.728502454592723,-1.3906320031172896,-7.337870451475434,0.4385316798727503,-1.0984540073508544,243.96105525217692,59516.99647975572,706.9250183105469,706.9250183105469,-0.22303105947109303,-2.1610495173141233,0.7946386864944204,59516.99647975572,162.99071982247494,-23.745000457763673,2.336461770727642,195.55033121744788,0.049822851408116486,-0.050470623483976906,-0.6670412262275165,,,,0.048621436991151235,,,,
2026-09-21 00:00:00+05:30,243.8500061035156,248.8999938964844,240.8999938964844,248.5,1813114,0.0,0.0,481.9175018310547,,,,411.242279043013,,,,366.58547908238006,,254.8242509447134,,,,107.84082148101932,,244.9648573798686,160.50583891139172,,457.3630246900487,,46.947642711927216,229.71482925471972,242.7750015258789,472.47501373291016,484.00001525878906,21.01240421025179,-122.68379995976676,-27.75538732066869,-94.92841263909807,4.263924012024541,2.4144738494761353,1.8494501625484054,8.430420262015115,4.601920450847588,-93.62727070589055,-65.87710264332304,-65.03693281744636,-479.75,111.75758967815594,-340.03764742682955,32.53303638380061,-1.985163205970779,-2.9211657779530262,-1.4814792367288998,-0.6833344752721028,-134.09217443853487,-92.07479309352888,-100.07479309352888,-249338.64059234178,-227085.5395365978,-489.54166666666663,0,1,0,-489.54166666666663,0,0,0,1,0,36.52525629378182,11.849990844726591,-8.758960162335882,481.9175018310547,972.5939638244454,203.6350454710842,0.2621472396670631,339.05007668567004,411.242279043013,483.434481400356,214.1000061035156,484.00001525878906,753.9000244140625,56.64282567729637,3.5253428991309694,436.6848406014666,481.9175018310547,528.1973489938006,40279920.0,55.960398105803186,-0.05777946634756517,47320.65518517257,-720904.1626819479,-56802739.211038016,246.0999959309896,-81321434.41556235,989.0466473665352,-8.431721120767671,-0.8750805354337894,-7.556640585333882,0.885945954635676,-0.9514110413317476,245.3382309966953,60190.84758858782,489.3000183105469,489.3000183105469,-0.005627035059442107,-2.2169168305479063,0.7802852181913943,60190.84758858782,135.92143358503074,-23.1125,2.338529784913717,207.4311089409722,0.048302032486125634,0.04763913658153851,-0.6503693281744636,,,,0.04717174331465693,,,,
2026-09-22 00:00:00+05:30,247.0,248.0,229.5,232.8999938964844,1096045,0.0,0.0,457.42500152587894,,,,394.2572995052484,,,,342.86952594575433,,237.36886402499977,,,,113.97641542442943,,244.07753778097708,164.95290012834997,,444.0536369691879,,46.969573331070954,233.2948420434798,240.6999969482422,471.6500015258789,479.50001525878906,20.129580297365685,-121.2366369508448,-21.04657944939737,-100.19005750144743,4.722041494099254,3.728103310759308,0.9939381833399459,11.272494559951053,7.934204877118674,-96.45817875952487,-14.437919378437002,-67.77585694963896,-39.30001831054685,108.0751901720069,-324.9723541708552,32.999782454767335,-1.3735022171074276,-1.985163205970779,-1.6507083546345447,-0.8781353003644367,-134.76994998696452,-77.5355308337949,-96.0355308337949,-254114.37831729854,-241604.36758774333,-489.24167124430335,0,1,0,-489.24167124430335,0,0,0,1,0,35.27345227279741,19.0,-31.534770760432366,457.42500152587894,946.3847738121902,213.78795240978897,0.2704054399203995,325.3214973724143,394.2572995052484,463.1931016380825,214.1000061035156,484.00001525878906,753.9000244140625,59.487544363286275,3.5159580887956214,412.8211237133911,457.42500152587894,504.1836382092407,39183875.0,41.06716390240786,-0.08756705916889611,-645854.4734340438,-499992.0984801676,-51130677.7079937,236.79999796549478,-88202041.53416507,982.7689789144163,-11.22327505370835,-2.9333075746995743,-8.289967479008777,0.6107422816294537,-0.9183782403184019,244.47988614315565,59770.41472857035,267.4750061035156,267.4750061035156,0.21173214271063343,-2.1665067696959968,0.768527318372515,59770.41472857035,113.75857478550495,-24.49250030517578,2.4789681871168043,217.84477640787762,-0.06277668452118956,0.03350338401810693,-0.6777585694963897,,,,-0.06483369485298186,,,,
2026-09-23 00:00:00+05:30,233.0,240.9499969482422,232.1999969482422,237.3000030517578,1038595,0.0,0.0,433.21250228881837,,,,379.3089855572969,,,,321.9052403767904,,223.83764083654444,,,,128.94353390251914,,243.84225804826013,169.41929117360382,,430.09817277006886,,46.99044012261942,236.44747316909806,235.0999984741211,471.6500015258789,479.50001525878906,21.13602633114511,-118.37020780097424,-14.54412023962145,-103.8260875613528,4.761770308057462,4.582578604727085,0.17919170333037648,13.244131049255135,10.982348623740434,-95.62923961041218,-8.236659918419175,-67.11246523922813,-21.300003051757812,111.22596308062599,-308.3725027196547,37.62503482933196,-0.9289649531089293,-1.3735022171074276,-1.8056581489659607,-1.0712808502641311,-124.90134449733122,-71.98045848811887,-80.73045848811887,-255616.3897016854,-250154.23332923392,-490.25833638509107,0,1,0,-490.25833638509107,0,0,0,1,0,33.3789199675976,8.75,-48.583694860182504,433.21250228881837,915.0086994378192,222.42949804241442,0.29668529930667714,315.2718312466375,379.3089855572969,443.34613986795637,214.1000061035156,484.00001525878906,753.9000244140625,62.14487206301679,3.5209235207656864,390.3386471463925,433.21250228881837,478.3886616422421,40222470.0,46.25148751967065,-0.08977683329082212,-473742.99592985853,-309402.41132991057,-43173462.67704872,236.81666564941406,-86239900.0020136,984.6582057373371,-13.762694757873275,-4.378181823091598,-9.384512934781677,0.5884250579632067,-0.8132588027732914,240.89809857450044,58031.89389680973,260.6750030517578,260.6750030517578,0.4358397157299377,-2.003946955835013,0.751825351192491,58031.89389680973,99.29071655273447,-24.21249923706055,2.622037027296739,226.22199849446605,0.01889226822920853,0.10346430915718208,-0.6711246523922813,,,,0.018716025618352557,,,,
2026-09-24 00:00:00+05:30,239.8999938964844,243.4499969482422,231.6999969482422,235.25,1352882,0.0,0.0,409.29750289916984,,,,365.5890821708877,,,,303.05166873023626,,212.5112862644081,,,,147.16439942727354,,243.4073797959687,174.31745450026207,,414.3030872558445,,47.01184676362555,237.3459182447088,236.2750015258789,471.6500015258789,479.50001525878906,21.003232993368673,-114.93901474693132,-8.890341748462816,-106.0486729984685,3.965710654312076,4.483174152156264,-0.5174634978441874,13.619651088500431,12.712092232568871,-96.0154496671267,-10.466222645099904,-67.03104140921714,-27.5,111.98667894888347,-291.8254447937009,39.873218300244915,-0.485323022855438,-0.9289649531089293,-1.9465127791787773,-1.2586371908708964,-115.2862700110245,-58.38325056863869,-70.13325056863869,-253177.01072902462,-253662.86455988904,-409.36667633056635,0,1,0,-409.36667633056635,0,0,0,1,0,31.8339971127692,11.75,-61.260393680021764,409.29750289916984,879.8553994783615,229.93440871058195,0.3150626052984759,305.4126092231482,365.5890821708877,425.7655551186272,214.1000061035156,484.00001525878906,753.9000244140625,64.71481837576609,3.5213485221651846,368.4596149149459,409.29750289916984,452.7346202555221,38869588.0,51.40527791584142,-0.1061505443373862,-1009138.1484969712,-373659.414100713,-37402026.89870865,236.79999796549478,-87408636.70365758,984.6582057373371,-14.266425290472286,-3.9055298845524877,-10.360895405919798,0.86092560565799,-0.7397495788060965,235.2789482895958,55356.1835082583,254.125,254.125,0.6741075636506692,-1.7080086575792424,0.7323402628727085,55356.1835082583,90.56000039236892,-23.914999389648436,2.7536497541770597,232.82955474853514,-0.008638866520834787,0.041851181667504456,-0.6703104140921714,,,,-0.008676397836565165,,,,
2026-09-25 00:00:00+05:30,237.5,251.9499969482422,234.5500030517578,244.3500061035156,3273043,0.0,0.0,386.0050025939941,558.1051736450194,,,354.04250349780466,558.1051736450195,,,287.3423833211263,481.9407601031135,205.0966407829623,558.1051736450195,,,166.38791091654718,,243.41619189405012,181.66817457250272,257.86890235314,395.8868484545265,568.0819630339761,47.031160347414705,237.94824317778716,239.8000030517578,243.62500762939453,243.5500030517578,23.30670120659564,-110.21498534593997,-3.3330498779771602,-106.8819354679628,19.904516779959113,9.543999247442883,10.36051753251623,42.83526884276003,23.2330169935052,-48.64176038258377,-2.122967323270358,-65.594198549199,-5.299987792968807,116.51335502889714,-276.6605919781852,42.56232003851084,0.037297930038274224,-0.485323022855438,-2.071437425797895,-1.4369257092842622,-106.17374181383342,-41.67135893815794,-59.07135283464231,-262690.05954964994,-255731.87312139475,-327.90834554036456,0,1,0,-327.90834554036456,0,0,0,1,0,30.80299688303457,17.399993896484375,-67.6542787450349,386.0050025939941,839.6642839330232,235.05357614040807,0.34387512576358287,296.2828386600433,354.04250349780466,411.802168335566,214.1000061035156,484.00001525878906,753.9000244140625,64.7713431285924,3.532743924504386,344.3434980077258,386.0050025939941,429.8559987706653,42142631.0,43.65956440867029,-0.07892544368129802,-595302.6841297747,-234302.41165368666,-27803921.44502613,243.61666870117188,-74747760.49661444,984.6582057373371,-5.727588792435417,3.706645290787505,-9.434234083222922,1.9146581447071775,-0.6244994969456683,226.8296406695145,51451.68588626107,249.0749969482422,249.0749969482422,0.9368331895412783,-1.234694727851153,0.7057718857009685,51451.68588626107,90.01714477539065,-23.292500305175782,2.8886020974629805,236.7684434678819,0.03868227886722897,0.030795203365443058,-0.6559419854919901,,,,0.03795287022925283,,,,
2026-09-28 00:00:00+05:30,246.1999969482422,246.5,237.0,240.0,670735,0.0,0.0,361.1375038146972,551.2241958618163,,,343.1813126884899,545.6304609530579,,,273.43714497884116,469.4660474111519,198.5939785475859,533.6449526803889,,,184.29502614867633,,243.39264441059677,188.61882403192953,238.2367885353698,368.99828681308173,565.8840340719945,47.05148658314003,238.59126455075096,242.1750030517578,238.9000015258789,242.8000030517578,22.962021362038197,-105.6048205147207,1.0216919625936924,-106.62651247731439,33.48824511148407,19.119490848585087,14.368754262898982,70.13613667344723,42.197018868235894,-54.87805461583732,1.180439750329669,-67.4510059067564,2.8000030517578125,107.44077749010731,-264.42956152523254,44.592895652962646,0.4790403499945609,0.037297930038274224,-2.181845351718026,-1.60380462615843,-87.58648006173452,-39.461162188342996,-48.961162188342996,-293187.20693536825,-263422.9561990671,-249.55834197998044,0,1,0,-249.55834197998044,0,0,0,1,0,29.2813542485321,9.5,-65.12862325517534,361.1375038146972,787.4036308845698,236.0686013317484,0.35790859732699254,289.11304450194393,343.1813126884899,397.2495808750359,214.1000061035156,484.00001525878906,753.9000244140625,62.58134812677397,3.5192815268576902,322.71964790081205,361.1375038146972,402.7696547672671,41471896.0,49.61460031433418,-0.1323393448631367,-842415.5788666168,-234619.3397367451,-24248747.144856904,241.16666666666666,-75941826.90584771,982.877970012001,-10.625439901027693,-0.9529646542438179,-9.672475246783875,0.40634989910846986,-0.5683656106920296,213.13306353493627,45425.702771787175,246.4250030517578,246.4250030517578,1.2393066380905853,-0.49817714511267147,0.6747083831957121,45425.702771787175,98.03642730712886,-24.867498779296874,3.013420103227878,238.41833241780589,-0.017802357253360435,-0.03420523138832998,-0.6745100590675639,,,,-0.01796272535275043,,,,
2026-09-29 00:00:00+05:30,241.75,242.0,235.25,238.25,663791,0.0,0.0,336.61000442504877,544.1699990844725,,,333.1878543372052,533.5763252294086,,,261.73357318696526,457.19254953421796,193.32904208236772,510.47941237020075,,,200.0930587742132,,243.26031037614524,195.5551262144355,219.28436593425852,358.15703669354536,563.6866888752804,47.07226049267751,239.29178197752077,239.125,238.9000015258789,242.8000030517578,22.815835851339656,-100.92899541317036,4.558013651315235,-105.48700906448559,46.184449857916874,33.19240391645335,12.992045941463523,97.00192030835252,69.99110860818658,-57.92683542782828,5.724425803014502,-67.30927497385194,12.899993896484403,91.87571944851115,-251.45897311042322,41.63839233228884,0.7207573008973298,0.4790403499945609,-2.2784833316907616,-1.7575990328130509,-69.64292265094336,-37.14528187572262,-43.89528187572262,-335685.39941636927,-283436.15718590503,-175.14167022705075,0,1,0,-175.14167022705075,0,0,0,1,0,27.67197180220838,6.75,-55.67936905929412,336.61000442504877,728.8993779093917,233.0824207999391,0.3746333560460636,282.98323073985404,333.1878543372052,383.3924779345563,214.1000061035156,484.00001525878906,753.9000244140625,60.179014274075946,3.5200432284941163,299.8171174424436,336.61000442504877,376.3546273606565,40808105.0,51.28094224727225,-0.1291750424085514,-916170.1344221723,-236887.31983505993,-20950588.15987735,238.5,-76425841.17668104,982.1488033453344,-14.851049116850916,-4.142859096053632,-10.708190020797284,0.42388371252325147,-0.5014665758157455,196.14468674217144,38472.73813718456,242.1750030517578,242.1750030517578,1.609605625816904,0.6850830640905562,0.6354123030061728,38472.73813718456,111.98071071079795,-24.527499389648437,3.1275259202283707,238.16977735731336,-0.007291666666666696,0.022971259097127605,-0.6730927497385195,,,,-0.00731838080767984,,,,
2026-09-30 00:00:00+05:30,241.0,250.3000030517578,232.0,237.6499938964844,1339286,0.0,0.0,311.99750289916994,536.8919992065429,,,324.089010485708,521.9713710594899,,,252.3088102794829,445.1721571739047,189.31779781807188,488.63036156091744,,,213.30055597346578,,242.89441160908632,200.6927317884141,201.34184177997386,314.35050546424617,559.3536875039266,47.09321382540638,239.45553898601375,237.9499969482422,232.3499984741211,235.10000610351562,22.76232853089034,-96.16327543117433,7.458986906649017,-103.62226233782334,47.75550315446765,42.47606604128953,5.279437113178119,95.04861764551123,87.39555820910365,-43.928600492931444,10.509179504306852,-67.44074723284723,22.59999084472659,67.75086398784853,-237.67485423368564,35.55097645970019,0.8361547853928694,0.7207573008973298,-2.3618499937057447,-1.8975094789972589,-53.471363384090985,-22.917380541216517,-41.21738359297433,-362533.5979265717,-313828.14502994943,-95.97500101725261,0,1,0,-95.97500101725261,0,0,0,1,0,27.002545462890485,18.300003051757812,-35.62072805637081,311.99750289916994,659.6157338547107,222.83398278856265,0.39306155088828704,275.1800647449126,324.089010485708,372.9979562265034,214.1000061035156,479.50001525878906,744.9000244140625,57.68223459279322,3.5192004512683206,276.8086207769192,311.99750289916994,349.72111925104036,39468819.0,46.09151404936075,-0.10357208616600398,-1428466.3569619807,-379283.2625165769,-18072444.10480244,239.98333231608072,-76763125.4471335,982.1488033453344,-14.826404885248351,-3.294571891560853,-11.531832993687498,0.9818361708619531,-0.42775379644685174,173.80911547777038,30209.60862316492,239.125,239.125,2.100322139355539,2.729713970540347,0.5839999936844165,30209.60862316492,132.93142504010882,-24.612501525878905,3.227699130550004,234.34688873291014,-0.0025183886821221746,0.0014748876537109545,-0.6744074723284723,,,,-0.00252156515708576,,,,
2026-10-01 00:00:00+05:30,240.0,241.7899932861328,232.6499938964844,239.27999877929688,771383,0.0,0.0,288.64150161743163,529.70059967041,,,316.0119617517641,510.88543489163925,,,245.38333369663786,433.5010983336205,186.76829667414404,468.2007223886053,,,223.6195942800282,,242.75689432815744,204.58009014254952,184.36216113572243,301.2236880077608,556.7542427272524,47.11381078952232,239.20635746541114,238.46499633789062,231.7750015258789,233.0250015258789,23.288653947694886,-91.2035425722218,9.934975812481241,-101.13851838470305,54.89010679910928,49.610019937164594,5.280086861944689,96.2206314658363,96.09038980656668,-33.4742436819124,5.969882881024223,-66.12684166060549,13.479995727539062,13.313789391457732,-224.62070837581848,41.75844470948766,0.43592668389443257,0.8361547853928694,-2.432001532789607,-2.0233306839122465,-37.739444241971164,-26.579192476316166,-35.719191865964575,-348620.1587741622,-339707.5600659021,-11.828336079915363,0,1,0,-11.828336079915363,0,0,0,1,0,25.726649314801765,9.139999389648409,-6.157982189443658,288.64150161743163,583.440985424307,204.266872334669,0.4162795297320267,270.02005857873047,316.0119617517641,362.0038649247977,214.1000061035156,479.50001525878906,744.9000244140625,54.91573371266809,3.5254825085405845,254.69407814712423,288.64150161743163,324.0540825721731,40240202.0,48.89793646846743,-0.07374074293810746,-1080752.3333208717,-292419.5713171556,-15311043.796042303,237.9066619873047,-76234045.67065085,982.8346880180361,-17.742533377435766,-4.968560306998613,-12.773973070437153,0.5956921718732576,-0.33488188107189315,147.39974190343764,21726.683913200035,238.76499938964844,238.76499938964844,2.8491193184241923,6.9049928393914675,0.512484969268743,21726.683913200035,158.86699785505022,-23.35600128173828,3.299382760655967,229.49920043945306,0.006858846727016754,0.01713070681954032,-0.661268416606055,,,,0.006835431842898988,,,,
2026-10-05 00:00:00+05:30,242.0,248.0,232.0,233.7700042724609,1455475,0.0,0.0,264.9575012207031,521.8990002441406,,,308.17939437278284,500.01816310265184,,,240.15747680664066,421.8959769454657,184.1580411977626,448.5662566260038,,,230.55554419050998,,242.66790405486674,205.95722522848973,166.55148944251704,278.9965907822289,538.2069990024667,47.13580721765073,238.23798824764498,236.5250015258789,231.7750015258789,233.0250015258789,22.724919633872027,-86.71789909555673,11.536495431317064,-98.2543945268738,58.188486487544864,53.611365480373934,4.5771210071709305,95.89440846163261,95.72121919099337,-48.03169636252154,-1.3836737975408269,-66.95596858594025,-3.2799987792969034,-147.6461676021515,-211.79276719934794,37.38349147989054,0.23857584823856265,0.43592668389443257,-2.490669451270222,-2.135462929972393,-25.547173368784915,-15.426445549593552,-31.426445549593552,-320173.0718184283,-346360.9974393775,-2.5500005086263062,0,1,0,-2.5500005086263062,0,0,0,1,0,25.031888649458782,16.0,45.29332234588361,264.9575012207031,484.62168009552255,165.81087749000517,0.42901096321668575,263.52005340670485,308.17939437278284,352.83873533886083,214.1000061035156,479.50001525878906,744.9000244140625,51.86139179785172,3.521392741455168,232.26160963122527,264.9575012207031,299.2341171080319,38784727.0,55.57087771370191,-0.08730977093088521,-2214202.712263366,-590944.1299157175,-14269417.433012985,237.92333475748694,-79585625.11554801,982.8346880180361,-16.230219950385518,-2.764997503958691,-13.465222446426827,1.0801820555486576,-0.28395614713325706,109.83208943740973,12063.087870187172,237.9499969482422,237.9499969482422,4.367589332312073,19.340254184878052,0.40866901797239097,12063.087870187172,190.55742797851562,-23.684000396728514,3.3330552263809796,222.53811102973097,-0.0230273927404947,-0.04329855357798773,-0.6695596858594026,,,,-0.023296664937834662,,,,
2026-10-06 00:00:00+05:30,235.58999633789065,256.4700012207031,235.58999633789065,252.2100067138672,4802303,0.0,0.0,241.15550155639647,514.0801998901366,,,302.84897650050516,490.30019618544463,,,238.9434297107515,411.3199379834942,185.81642174342613,431.5291413560542,,,236.51634732729423,131.94627823408604,242.7628214663963,212.20130087637165,151.22084380299736,244.2974361512523,514.0391552356301,47.153677751655124,239.33289486260222,242.99000549316406,233.6300048828125,235.28500366210938,28.925579408767753,-80.74427054619923,14.00809918453966,-94.75236973073889,69.47992935678243,60.852840881145525,8.62708847563691,97.84771112447393,96.65425035064762,-10.054271885218736,1.4929604482362928,-65.36766128199558,3.7100067138671875,-1536.4875801595717,-197.59573799582077,45.74120366121518,0.4776930169037994,0.23857584823856265,-2.533998320470754,-2.23360625950975,-12.883420770111869,-5.354095923786701,-26.234100806599173,-295863.34931773803,-332663.9014049151,4.226666768391927,1,0,0,4.226666768391927,1,1,1,0,0,24.86532495651474,22.699996948242216,214.43856443206857,241.15550155639647,267.8724386807244,22.157435307840068,0.7068819697787271,258.11909716010274,302.84897650050516,347.5788558409076,214.1000061035156,243.5500030517578,273.0,48.42729486154006,3.5401996162295144,211.9943788865879,241.15550155639647,271.9118784288242,43587030.0,68.1793484283568,-0.02740265727903769,628542.8532456439,245164.33331189374,419710.6351849679,248.09000142415366,-41704597.8554545,982.8346880180361,1.1808354971009927,11.716846354822257,-10.536010857721264,2.9169325572668523,0.8275278791149082,13.358468562163955,178.4486823263227,237.9499969482422,237.9499969482422,0.5126001111104578,0.6673878494655767,0.30111852595233674,178.4486823263227,234.5192860194615,-23.801999664306642,3.339099647383413,213.09533318413622,0.07888096036442005,0.05087502797444654,-0.6536766128199558,,,,0.07592435615317136,,,,
2026-10-07 00:00:00+05:30,252.0,253.8999938964844,246.0,246.9900054931641,1261859,0.0,0.0,239.8950012207031,505.9699999999998,,,297.52907449980603,480.758620079865,,,239.49909675234844,400.84581271302466,186.8292326713401,415.12491584822715,,,240.68837900995686,122.77777364512605,242.97577094209177,216.43736821524772,136.0388494017922,241.47820187475781,504.92708821837056,47.17264005851478,241.36033980782534,249.60000610351562,239.0050048828125,236.03500366210938,28.234896124815315,-75.56032496477923,15.353635812767735,-90.91396077754696,72.90618050486682,66.8581987830647,6.047981721802131,96.09992952213226,96.61401636941292,-23.19549023765922,6.049811921825205,-9.26157442443199,14.090011596679688,-1744.4930480431474,-181.43220910465013,43.21622413903531,0.872192143818614,0.4776930169037994,-2.5644338477848305,-2.317914670489624,-3.6703803984346806,-5.804947297816028,-13.704941194300432,-276786.3225453125,-309579.8872653012,9.675000508626306,0,1,0,9.675000508626306,1,0,0,0,0,23.653515595084006,7.899993896484403,217.28141640316363,239.8950012207031,262.5085860382426,18.852902063378142,0.6568748239102271,255.55442292582583,297.52907449980603,339.5037260737862,214.1000061035156,242.8000030517578,271.5,44.57703047985712,0.6582403587920322,213.21571674716682,239.8950012207031,269.3582147635243,42325171.0,79.51338701038759,-0.15390314486258197,-317050.7526369011,264050.34518675273,-581234.5298921971,248.9633331298828,-44316272.7870634,980.7649837708826,-1.7059515605977564,7.0640474376988065,-8.769998998296563,0.7588142941468796,0.6274992956409087,11.306792408769738,127.84355457501296,237.9499969482422,237.9499969482422,0.016168318637788684,0.4628106545147592,0.06773076841145066,127.84355457501296,238.70728781563895,-1.260500335693358,3.349181162472446,201.15899983723958,-0.020697042471535254,0.0366841783553582,-0.09261574424431984,,,,-0.02091422821658623,,,,
2026-10-08 00:00:00+05:30,248.2100067138672,248.22000122070312,236.1000061035156,237.1699981689453,955261,0.0,0.0,238.8235008239746,497.69240020751937,,,291.7805910397241,471.2061251029662,,,239.239572652181,390.3046361706303,186.4225824453236,398.96840429476424,,,242.5555751962372,116.15165333825743,242.95059201355207,218.59476136978515,121.60359930461712,240.6897905498478,499.61084083639037,47.19387941019355,242.70004432819113,242.0800018310547,242.55500030517578,241.36000061035156,26.93205270344869,-71.42110522212539,15.594284444337262,-87.01538966646265,67.62841342853572,70.00484109672833,-2.376427668192605,91.76516931695187,95.237603321186,-63.86499759151486,-0.05478503208621724,-8.286932493726255,-0.1300048828125,-2080.242278992688,-167.1187378378475,39.68001200097456,0.7473258502900098,0.872192143818614,-2.5851689936131406,-2.3888764720934423,1.4678546291126953,-8.265662398546624,-20.385657515734152,-266631.4831151727,-288683.9831099503,9.686665852864591,0,1,0,9.686665852864591,1,0,0,0,0,22.829692703805687,12.119995117187528,217.98015677018282,238.8235008239746,259.6668448777664,17.455019277315102,0.46033499589216625,251.49495483142056,291.7805910397241,332.0662272480276,214.1000061035156,242.8000030517578,271.5,40.569147815008236,0.6492841870300868,211.58022162378185,238.8235008239746,269.052721471194,41369910.0,74.71265977589293,-0.13959289109085068,-1103644.7390726865,-2508.0406564414734,-1838296.742270534,240.49666849772134,-48114268.57956933,976.7891114255174,-5.49211197929422,2.6223096152018748,-8.114421594496095,0.5773358883085948,-0.15866001643133482,10.421672026895898,108.61124783618446,237.4749984741211,237.4749984741211,0.02547327770649846,1.1820291484093373,-0.07430357199047447,108.61124783618446,240.07171630859375,-1.0715003967285157,3.3464566077281854,187.34142279730895,-0.03975872345365228,-0.002019759056876569,-0.08286932493726251,,,,-0.040570696362503406,,,,
